timestamp,wordcount,pagecount
2023-01-01 12:45:10,0,0
2023-02-01 12:45:52,100,10
2023-03-14 16:15:03,465,20
2023-03-22 14:25:19,750,22
2023-03-24 16:20:14,1174,24
2023-03-27 13:36:26,1724,27
2023-05-31 16:16:06,2372,34
2023-06-16 09:31:28,3263,40
2023-06-16 14:26:54,3564,44
2023-07-12 15:20:39,4063,46
2023-07-24 02:15:27,5176,52
2023-07-24 22:41:59,6855,58
2023-07-25 22:05:50,7996,65
2023-07-26 23:42:45,9142,71
2023-07-31 20:41:08,10226,75
2023-08-01 22:08:59,11396,84
2023-08-19 17:45:36,13243,95
2023-08-22 22:02:03,14934,103
2023-08-26 10:34:51,16507,113
2023-08-26 14:45:07,17424,118
2023-08-30 21:35:25,22341,156
2023-09-01 17:14:11,23550,176
2023-09-16 09:02:36,27244,221
2023-09-20 13:53:43,30453,241
2023-09-21 19:16:33,31581,247
2023-10-07 14:15:15,38706,303
2023-10-08 17:52:43,38686,303
2023-10-10 16:14:50,40951,318
2023-10-26 22:12:56,41911,334
2023-11-06 12:52:17,42053,334
2023-11-07 15:40:56,42748,338
